{"val/step":40000,"train/flops_pred":4.0446914985984e+17,"val/flops_pred":4.0446914985984e+17,"train/tokens_per_step":32768,"hparams/lr":0.0003,"val/loss":5.865925312042236,"_runtime":1113,"train/tokens_seen":1310720000,"train/lr":2.9999999999999997e-05,"hparams/n_params":51430912,"train/loss":3.221755266189575,"_timestamp":1.7699953904161303e+09,"train/step":40000,"_wandb":{"runtime":1113},"_step":2201,"val/tokens_seen":1310720000,"val/flops_dense":404469149859840000,"train/flops_dense":404469149859840000}