{"val/step":20000,"_runtime":571,"val/tokens_seen":655360000,"_wandb":{"runtime":571},"train/tokens_seen":655360000,"hparams/n_params":51430912,"_step":1101,"train/tokens_per_step":32768,"train/loss":4.718310832977295,"val/flops_pred":2.0223457492992e+17,"_timestamp":1.7700100886012483e+09,"val/flops_dense":202234574929920000,"train/flops_pred":2.0223457492992e+17,"train/flops_dense":202234574929920000,"val/loss":4.837099075317383,"train/step":20000,"hparams/lr":0.0003,"train/lr":2.9999999999999997e-05}