{"_timestamp":1.7700049731539407e+09,"hparams/lr":0.0003,"train/lr":9.053262039280415e-05,"train/masked_frac":0.7646484375,"_step":5712,"train/tokens_seen":3402629120,"_wandb":{"runtime":2868},"train/loss":7.745017051696777,"val/masked_frac":0.001953125,"train/flops_pred":8.028823221750989e+17,"val/step":103800,"val/flops_dense":1049597443886284800,"hparams/n_params":51430912,"val/flops_pred":2.0499950075904e+15,"train/flops_dense":1050001913036144640,"val/loss":4.621392726898193,"train/r":0.7679550647735596,"train/tokens_per_step":32768,"val/tokens_seen":3401318400,"train/step":103840,"_runtime":2868}