{"_runtime":574,"hparams/lr":0.0003,"_step":1101,"_wandb":{"runtime":574},"val/flops_pred":2.0223457492992e+17,"hparams/n_params":51430912,"train/tokens_per_step":32768,"val/tokens_seen":655360000,"train/flops_dense":202234574929920000,"_timestamp":1.7700094453818588e+09,"train/step":20000,"val/flops_dense":202234574929920000,"train/lr":2.9999999999999997e-05,"train/tokens_seen":655360000,"val/step":20000,"val/loss":4.892535209655762,"train/flops_pred":2.0223457492992e+17,"train/loss":4.730344295501709}