{"_step":2201,"train/flops_pred":2.6345793257472e+17,"hparams/lr":0.0003,"train/r":0.650098443031311,"train/lr":2.9999999999999997e-05,"val/tokens_seen":1310720000,"train/loss":9.494619369506836,"val/step":40000,"train/tokens_seen":1310720000,"train/tokens_per_step":32768,"_runtime":1108,"val/flops_dense":404469149859840000,"val/flops_pred":7.8997880832e+14,"train/masked_frac":0.6513671875,"train/step":40000,"train/flops_dense":404469149859840000,"val/loss":5.321479320526123,"_timestamp":1.7700020056628783e+09,"val/masked_frac":0.001953125,"hparams/n_params":51430912,"_wandb":{"runtime":1108}}