{"train/loss":3.251783847808838,"_runtime":860,"_timestamp":1.7699875841353884e+09,"train/tokens_seen":1310720000,"_wandb":{"runtime":860},"_step":2200,"val/step":40000,"val/tokens_seen":1310720000,"train/step":40000,"val/loss":3.764596462249756,"train/tokens_per_step":32768,"hparams/lr":0.0003}