{"train/tokens_seen":1310720000,"_wandb":{"runtime":1109},"val/masked_frac":0.001953125,"train/lr":2.9999999999999997e-05,"val/flops_pred":7.8997880832e+14,"train/loss":8.75615406036377,"train/masked_frac":0.650146484375,"train/flops_pred":2.6296419581952e+17,"hparams/lr":0.0003,"_runtime":1109,"train/step":40000,"val/loss":5.364504337310791,"hparams/n_params":51430912,"train/flops_dense":404469149859840000,"_step":2201,"val/flops_dense":404469149859840000,"val/step":40000,"val/tokens_seen":1310720000,"train/r":0.641239583492279,"_timestamp":1.7699997633596263e+09,"train/tokens_per_step":32768}