{"train/loss":4.368380546569824,"train/step":40000,"train/tokens_per_step":32768,"_step":2201,"val/flops_dense":404469149859840000,"train/flops_dense":404469149859840000,"hparams/n_params":51430912,"val/tokens_seen":1310720000,"hparams/lr":0.0003,"train/tokens_seen":1310720000,"_wandb":{"runtime":1109},"val/step":40000,"_runtime":1109,"_timestamp":1.7699976336048381e+09,"val/flops_pred":4.0446914985984e+17,"train/flops_pred":4.0446914985984e+17,"train/lr":2.9999999999999997e-05,"val/loss":4.335479259490967}