{"val/tokens_seen":655360000,"_step":1101,"train/lr":2.9999999999999997e-05,"hparams/n_params":51430912,"train/loss":5.057670593261719,"val/flops_pred":2.0223457492992e+17,"train/tokens_seen":655360000,"hparams/lr":0.0003,"train/flops_pred":2.0223457492992e+17,"val/loss":5.10226583480835,"train/flops_dense":202234574929920000,"val/flops_dense":202234574929920000,"val/step":20000,"train/step":20000,"_wandb":{"runtime":572},"_timestamp":1.7700108156862936e+09,"train/tokens_per_step":32768,"_runtime":572}