{"val/masked_frac":0.001953125,"train/r":0.07392791658639908,"train/step":40000,"val/flops_dense":404469149859840000,"hparams/n_params":51430912,"_step":2201,"train/flops_dense":404469149859840000,"train/tokens_seen":1310720000,"train/tokens_per_step":32768,"train/lr":2.9999999999999997e-05,"val/step":40000,"train/flops_pred":2.91304685568e+16,"_wandb":{"runtime":1111},"_runtime":1111,"val/flops_pred":7.8997880832e+14,"_timestamp":1.7700008859895914e+09,"train/loss":45.63021469116211,"hparams/lr":0.0003,"val/tokens_seen":1310720000,"val/loss":5.3138017654418945,"train/masked_frac":0.072021484375}