{"_timestamp":1.7699965130813296e+09,"train/tokens_seen":1310720000,"val/flops_dense":404469149859840000,"train/flops_pred":4.0446914985984e+17,"val/loss":4.630997180938721,"train/step":40000,"_wandb":{"runtime":1111},"train/flops_dense":404469149859840000,"val/step":40000,"train/lr":2.9999999999999997e-05,"_step":2201,"hparams/lr":0.0003,"hparams/n_params":51430912,"_runtime":1111,"val/tokens_seen":1310720000,"train/loss":3.718846321105957,"train/tokens_per_step":32768,"val/flops_pred":4.0446914985984e+17}